北海道,札幌市,中央区,2
北海道,札幌市,北区,2
北海道,札幌市,東区,2
北海道,札幌市,白石区,2
北海道,札幌市,豊平区,2
北海道,札幌市,南区,2
北海道,札幌市,西区,2
北海道,札幌市,厚別区,2
北海道,札幌市,手稲区,2
北海道,札幌市,清田区,2
北海道,函館市,,2
北海道,小樽市,,2
北海道,旭川市,,2
北海道,室蘭市,,2
北海道,釧路市,,2
北海道,帯広市,,2
北海道,北見市,,2
北海道,夕張市,,2
北海道,岩見沢市,,2
北海道,網走市,,2
北海道,留萌市,,2
北海道,苫小牧市,,2
北海道,稚内市,,2
北海道,美唄市,,2
北海道,芦別市,,2
北海道,江別市,,2
北海道,赤平市,,2
北海道,紋別市,,2
北海道,士別市,,2
北海道,名寄市,,2
北海道,三笠市,,2
北海道,根室市,,2
北海道,千歳市,,2
北海道,滝川市,,2
北海道,砂川市,,2
北海道,歌志内市,,2
北海道,深川市,,2
北海道,富良野市,,2
北海道,登別市,,2
北海道,恵庭市,,2
北海道,伊達市,,2
北海道,北広島市,,2
北海道,石狩市,,2
北海道,北斗市,,2
北海道,石狩郡,当別町,2
北海道,石狩郡,新篠津村,2
北海道,松前郡,松前町,2
北海道,松前郡,福島町,2
北海道,上磯郡,知内町,2
北海道,上磯郡,木古内町,2
北海道,亀田郡,七飯町,2
北海道,茅部郡,鹿部町,2
北海道,茅部郡,森町,2
北海道,二海郡,八雲町,2
北海道,山越郡,長万部町,2
北海道,檜山郡,江差町,2
北海道,檜山郡,上ノ国町,2
北海道,檜山郡,厚沢部町,2
北海道,爾志郡,乙部町,2
北海道,奥尻郡,奥尻町,2
北海道,瀬棚郡,今金町,2
北海道,久遠郡,せたな町,2
北海道,島牧郡,島牧村,2
北海道,寿都郡,寿都町,2
北海道,寿都郡,黒松内町,2
北海道,磯谷郡,蘭越町,2
北海道,虻田郡,ニセコ町,2
北海道,虻田郡,真狩村,2
北海道,虻田郡,留寿都村,2
北海道,虻田郡,喜茂別町,2
北海道,虻田郡,京極町,2
北海道,虻田郡,倶知安町,2
北海道,岩内郡,共和町,2
北海道,岩内郡,岩内町,2
北海道,古宇郡,泊村,2
北海道,古宇郡,神恵内村,2
北海道,積丹郡,積丹町,2
北海道,古平郡,古平町,2
北海道,余市郡,仁木町,2
北海道,余市郡,余市町,2
北海道,余市郡,赤井川村,2
北海道,空知郡,南幌町,2
北海道,空知郡,奈井江町,2
北海道,空知郡,上砂川町,2
北海道,夕張郡,由仁町,2
北海道,夕張郡,長沼町,2
北海道,夕張郡,栗山町,2
北海道,樺戸郡,月形町,2
北海道,樺戸郡,浦臼町,2
北海道,樺戸郡,新十津川町,2
北海道,雨竜郡,妹背牛町,2
北海道,雨竜郡,秩父別町,2
北海道,雨竜郡,雨竜町,2
北海道,雨竜郡,北竜町,2
北海道,雨竜郡,沼田町,2
北海道,上川郡,鷹栖町,2
北海道,上川郡,東神楽町,2
北海道,上川郡,当麻町,2
北海道,上川郡,比布町,2
北海道,上川郡,愛別町,2
北海道,上川郡,上川町,2
北海道,上川郡,東川町,2
北海道,上川郡,美瑛町,2
北海道,空知郡,上富良野町,2
北海道,空知郡,中富良野町,2
北海道,空知郡,南富良野町,2
北海道,勇払郡,占冠村,2
北海道,上川郡,和寒町,2
北海道,上川郡,剣淵町,2
北海道,上川郡,下川町,2
北海道,中川郡,美深町,2
北海道,中川郡,音威子府村,2
北海道,中川郡,中川町,2
北海道,雨竜郡,幌加内町,2
北海道,増毛郡,増毛町,2
北海道,留萌郡,小平町,2
北海道,苫前郡,苫前町,2
北海道,苫前郡,羽幌町,2
北海道,苫前郡,初山別村,2
北海道,天塩郡,遠別町,2
北海道,天塩郡,天塩町,2
北海道,宗谷郡,猿払村,2
北海道,枝幸郡,浜頓別町,2
北海道,枝幸郡,中頓別町,2
北海道,枝幸郡,枝幸町,2
北海道,天塩郡,豊富町,2
北海道,礼文郡,礼文町,2
北海道,利尻郡,利尻町,2
北海道,利尻郡,利尻富士町,2
北海道,天塩郡,幌延町,2
北海道,網走郡,美幌町,2
北海道,網走郡,津別町,2
北海道,斜里郡,斜里町,2
北海道,斜里郡,清里町,2
北海道,斜里郡,小清水町,2
北海道,常呂郡,訓子府町,2
北海道,常呂郡,置戸町,2
北海道,常呂郡,佐呂間町,2
北海道,紋別郡,遠軽町,2
北海道,紋別郡,湧別町,2
北海道,紋別郡,滝上町,2
北海道,紋別郡,興部町,2
北海道,紋別郡,西興部村,2
北海道,紋別郡,雄武町,2
北海道,網走郡,大空町,2
北海道,虻田郡,豊浦町,2
北海道,有珠郡,壮瞥町,2
北海道,白老郡,白老町,2
北海道,勇払郡,厚真町,2
北海道,虻田郡,洞爺湖町,2
北海道,勇払郡,安平町,2
北海道,勇払郡,むかわ町,2
北海道,沙流郡,日高町,2
北海道,沙流郡,平取町,2
北海道,新冠郡,新冠町,2
北海道,浦河郡,浦河町,2
北海道,様似郡,様似町,2
北海道,幌泉郡,えりも町,2
北海道,日高郡,新ひだか町,2
北海道,河東郡,音更町,2
北海道,河東郡,士幌町,2
北海道,河東郡,上士幌町,2
北海道,河東郡,鹿追町,2
北海道,上川郡,新得町,2
北海道,上川郡,清水町,2
北海道,河西郡,芽室町,2
北海道,河西郡,中札内村,2
北海道,河西郡,更別村,2
北海道,広尾郡,大樹町,2
北海道,広尾郡,広尾町,2
北海道,中川郡,幕別町,2
北海道,中川郡,池田町,2
北海道,中川郡,豊頃町,2
北海道,中川郡,本別町,2
北海道,足寄郡,足寄町,2
北海道,足寄郡,陸別町,2
北海道,十勝郡,浦幌町,2
北海道,釧路郡,釧路町,2
北海道,厚岸郡,厚岸町,2
北海道,厚岸郡,浜中町,2
北海道,川上郡,標茶町,2
北海道,川上郡,弟子屈町,2
北海道,阿寒郡,鶴居村,2
北海道,白糠郡,白糠町,2
北海道,野付郡,別海町,2
北海道,標津郡,中標津町,2
北海道,標津郡,標津町,2
北海道,目梨郡,羅臼町,2
青森県,青森市,,1
青森県,弘前市,,1
青森県,八戸市,,1
青森県,黒石市,,1
青森県,五所川原市,,1
青森県,十和田市,,1
青森県,三沢市,,1
青森県,むつ市,,1
青森県,つがる市,,1
青森県,平川市,,1
青森県,東津軽郡,平内町,1
青森県,東津軽郡,今別町,1
青森県,東津軽郡,蓬田村,1
青森県,東津軽郡,外ヶ浜町,1
青森県,西津軽郡,鰺ヶ沢町,1
青森県,西津軽郡,深浦町,1
青森県,中津軽郡,西目屋村,1
青森県,南津軽郡,藤崎町,1
青森県,南津軽郡,大鰐町,1
青森県,南津軽郡,田舎館村,1
青森県,北津軽郡,板柳町,1
青森県,北津軽郡,鶴田町,1
青森県,北津軽郡,中泊町,1
青森県,上北郡,野辺地町,1
青森県,上北郡,七戸町,1
青森県,上北郡,六戸町,1
青森県,上北郡,横浜町,1
青森県,上北郡,東北町,1
青森県,上北郡,六ヶ所村,1
青森県,上北郡,おいらせ町,1
青森県,下北郡,大間町,1
青森県,下北郡,東通村,1
青森県,下北郡,風間浦村,1
青森県,下北郡,佐井村,1
青森県,三戸郡,三戸町,1
青森県,三戸郡,五戸町,1
青森県,三戸郡,田子町,1
青森県,三戸郡,南部町,1
青森県,三戸郡,階上町,1
青森県,三戸郡,新郷村,1
岩手県,盛岡市,,1
岩手県,宮古市,,1
岩手県,大船渡市,,1
岩手県,花巻市,,1
岩手県,北上市,,1
岩手県,久慈市,,1
岩手県,遠野市,,1
岩手県,一関市,,1
岩手県,陸前高田市,,1
岩手県,釜石市,,1
岩手県,二戸市,,1
岩手県,八幡平市,,1
岩手県,奥州市,,1
岩手県,滝沢市,,1
岩手県,岩手郡,雫石町,1
岩手県,岩手郡,葛巻町,1
岩手県,岩手郡,岩手町,1
岩手県,紫波郡,紫波町,1
岩手県,紫波郡,矢巾町,1
岩手県,和賀郡,西和賀町,1
岩手県,胆沢郡,金ケ崎町,1
岩手県,西磐井郡,平泉町,1
岩手県,気仙郡,住田町,1
岩手県,上閉伊郡,大槌町,1
岩手県,下閉伊郡,山田町,1
岩手県,下閉伊郡,岩泉町,1
岩手県,下閉伊郡,田野畑村,1
岩手県,下閉伊郡,普代村,1
岩手県,九戸郡,軽米町,1
岩手県,九戸郡,野田村,1
岩手県,九戸郡,九戸村,1
岩手県,九戸郡,洋野町,1
岩手県,二戸郡,一戸町,1
宮城県,仙台市,青葉区,1
宮城県,仙台市,宮城野区,1
宮城県,仙台市,若林区,1
宮城県,仙台市,太白区,1
宮城県,仙台市,泉区,1
宮城県,石巻市,,1
宮城県,塩竈市,,1
宮城県,気仙沼市,,1
宮城県,白石市,,1
宮城県,名取市,,1
宮城県,角田市,,1
宮城県,多賀城市,,1
宮城県,岩沼市,,1
宮城県,登米市,,1
宮城県,栗原市,,1
宮城県,東松島市,,1
宮城県,大崎市,,1
宮城県,富谷市,,1
宮城県,刈田郡,蔵王町,1
宮城県,刈田郡,七ヶ宿町,1
宮城県,柴田郡,大河原町,1
宮城県,柴田郡,村田町,1
宮城県,柴田郡,柴田町,1
宮城県,柴田郡,川崎町,1
宮城県,伊具郡,丸森町,1
宮城県,亘理郡,亘理町,1
宮城県,亘理郡,山元町,1
宮城県,宮城郡,松島町,1
宮城県,宮城郡,七ヶ浜町,1
宮城県,宮城郡,利府町,1
宮城県,黒川郡,大和町,1
宮城県,黒川郡,大郷町,1
宮城県,黒川郡,大衡村,1
宮城県,加美郡,色麻町,1
宮城県,加美郡,加美町,1
宮城県,遠田郡,涌谷町,1
宮城県,遠田郡,美里町,1
宮城県,牡鹿郡,女川町,1
宮城県,本吉郡,南三陸町,1
秋田県,秋田市,,1
秋田県,能代市,,1
秋田県,横手市,,1
秋田県,大館市,,1
秋田県,男鹿市,,1
秋田県,湯沢市,,1
秋田県,鹿角市,,1
秋田県,由利本荘市,,1
秋田県,潟上市,,1
秋田県,大仙市,,1
秋田県,北秋田市,,1
秋田県,にかほ市,,1
秋田県,仙北市,,1
秋田県,鹿角郡,小坂町,1
秋田県,北秋田郡,上小阿仁村,1
秋田県,山本郡,藤里町,1
秋田県,山本郡,三種町,1
秋田県,山本郡,八峰町,1
秋田県,南秋田郡,五城目町,1
秋田県,南秋田郡,八郎潟町,1
秋田県,南秋田郡,井川町,1
秋田県,南秋田郡,大潟村,1
秋田県,仙北郡,美郷町,1
秋田県,雄勝郡,羽後町,1
秋田県,雄勝郡,東成瀬村,1
山形県,山形市,,1
山形県,米沢市,,1
山形県,鶴岡市,,1
山形県,酒田市,,1
山形県,新庄市,,1
山形県,寒河江市,,1
山形県,上山市,,1
山形県,村山市,,1
山形県,長井市,,1
山形県,天童市,,1
山形県,東根市,,1
山形県,尾花沢市,,1
山形県,南陽市,,1
山形県,東村山郡,山辺町,1
山形県,東村山郡,中山町,1
山形県,西村山郡,河北町,1
山形県,西村山郡,西川町,1
山形県,西村山郡,朝日町,1
山形県,西村山郡,大江町,1
山形県,北村山郡,大石田町,1
山形県,最上郡,金山町,1
山形県,最上郡,最上町,1
山形県,最上郡,舟形町,1
山形県,最上郡,真室川町,1
山形県,最上郡,大蔵村,1
山形県,最上郡,鮭川村,1
山形県,最上郡,戸沢村,1
山形県,東置賜郡,高畠町,1
山形県,東置賜郡,川西町,1
山形県,西置賜郡,小国町,1
山形県,西置賜郡,白鷹町,1
山形県,西置賜郡,飯豊町,1
山形県,東田川郡,三川町,1
山形県,東田川郡,庄内町,1
山形県,飽海郡,遊佐町,1
福島県,福島市,,1
福島県,会津若松市,,1
福島県,郡山市,,1
福島県,いわき市,,1
福島県,白河市,,1
福島県,須賀川市,,1
福島県,喜多方市,,1
福島県,相馬市,,1
福島県,二本松市,,1
福島県,田村市,,1
福島県,南相馬市,,1
福島県,伊達市,,1
福島県,本宮市,,1
福島県,伊達郡,桑折町,1
福島県,伊達郡,国見町,1
福島県,伊達郡,川俣町,1
福島県,安達郡,大玉村,1
福島県,岩瀬郡,鏡石町,1
福島県,岩瀬郡,天栄村,1
福島県,南会津郡,下郷町,1
福島県,南会津郡,檜枝岐村,1
福島県,南会津郡,只見町,1
福島県,南会津郡,南会津町,1
福島県,耶麻郡,北塩原村,1
福島県,耶麻郡,西会津町,1
福島県,耶麻郡,磐梯町,1
福島県,耶麻郡,猪苗代町,1
福島県,河沼郡,会津坂下町,1
福島県,河沼郡,湯川村,1
福島県,河沼郡,柳津町,1
福島県,大沼郡,三島町,1
福島県,大沼郡,金山町,1
福島県,大沼郡,昭和村,1
福島県,大沼郡,会津美里町,1
福島県,西白河郡,西郷村,1
福島県,西白河郡,泉崎村,1
福島県,西白河郡,中島村,1
福島県,西白河郡,矢吹町,1
福島県,東白川郡,棚倉町,1
福島県,東白川郡,矢祭町,1
福島県,東白川郡,塙町,1
福島県,東白川郡,鮫川村,1
福島県,石川郡,石川町,1
福島県,石川郡,玉川村,1
福島県,石川郡,平田村,1
福島県,石川郡,浅川町,1
福島県,石川郡,古殿町,1
福島県,田村郡,三春町,1
福島県,田村郡,小野町,1
福島県,双葉郡,広野町,1
福島県,双葉郡,楢葉町,1
福島県,双葉郡,富岡町,1
福島県,双葉郡,川内村,1
福島県,双葉郡,大熊町,1
福島県,双葉郡,双葉町,1
福島県,双葉郡,浪江町,1
福島県,双葉郡,葛尾村,1
福島県,相馬郡,新地町,1
福島県,相馬郡,飯舘村,1
茨城県,水戸市,,1
茨城県,日立市,,1
茨城県,土浦市,,1
茨城県,古河市,,1
茨城県,石岡市,,1
茨城県,結城市,,1
茨城県,龍ケ崎市,,1
茨城県,下妻市,,1
茨城県,常総市,,1
茨城県,常陸太田市,,1
茨城県,高萩市,,1
茨城県,北茨城市,,1
茨城県,笠間市,,1
茨城県,取手市,,1
茨城県,牛久市,,1
茨城県,つくば市,,1
茨城県,ひたちなか市,,1
茨城県,鹿嶋市,,1
茨城県,潮来市,,1
茨城県,守谷市,,1
茨城県,常陸大宮市,,1
茨城県,那珂市,,1
茨城県,筑西市,,1
茨城県,坂東市,,1
茨城県,稲敷市,,1
茨城県,かすみがうら市,,1
茨城県,桜川市,,1
茨城県,神栖市,,1
茨城県,行方市,,1
茨城県,鉾田市,,1
茨城県,つくばみらい市,,1
茨城県,小美玉市,,1
茨城県,東茨城郡,茨城町,1
茨城県,東茨城郡,大洗町,1
茨城県,東茨城郡,城里町,1
茨城県,那珂郡,東海村,1
茨城県,久慈郡,大子町,1
茨城県,稲敷郡,美浦村,1
茨城県,稲敷郡,阿見町,1
茨城県,稲敷郡,河内町,1
茨城県,結城郡,八千代町,1
茨城県,猿島郡,五霞町,1
茨城県,猿島郡,境町,1
茨城県,北相馬郡,利根町,1
栃木県,宇都宮市,,1
栃木県,足利市,,1
栃木県,栃木市,,1
栃木県,佐野市,,1
栃木県,鹿沼市,,1
栃木県,日光市,,1
栃木県,小山市,,1
栃木県,真岡市,,1
栃木県,大田原市,,1
栃木県,矢板市,,1
栃木県,那須塩原市,,1
栃木県,さくら市,,1
栃木県,那須烏山市,,1
栃木県,下野市,,1
栃木県,河内郡,上三川町,1
栃木県,芳賀郡,益子町,1
栃木県,芳賀郡,茂木町,1
栃木県,芳賀郡,市貝町,1
栃木県,芳賀郡,芳賀町,1
栃木県,下都賀郡,壬生町,1
栃木県,下都賀郡,野木町,1
栃木県,塩谷郡,塩谷町,1
栃木県,塩谷郡,高根沢町,1
栃木県,那須郡,那須町,1
栃木県,那須郡,那珂川町,1
群馬県,前橋市,,1
群馬県,高崎市,,1
群馬県,桐生市,,1
群馬県,伊勢崎市,,1
群馬県,太田市,,1
群馬県,沼田市,,1
群馬県,館林市,,1
群馬県,渋川市,,1
群馬県,藤岡市,,1
群馬県,富岡市,,1
群馬県,安中市,,1
群馬県,みどり市,,1
群馬県,北群馬郡,榛東村,1
群馬県,北群馬郡,吉岡町,1
群馬県,多野郡,上野村,1
群馬県,多野郡,神流町,1
群馬県,甘楽郡,下仁田町,1
群馬県,甘楽郡,南牧村,1
群馬県,甘楽郡,甘楽町,1
群馬県,吾妻郡,中之条町,1
群馬県,吾妻郡,長野原町,1
群馬県,吾妻郡,嬬恋村,1
群馬県,吾妻郡,草津町,1
群馬県,吾妻郡,高山村,1
群馬県,吾妻郡,東吾妻町,1
群馬県,利根郡,片品村,1
群馬県,利根郡,川場村,1
群馬県,利根郡,昭和村,1
群馬県,利根郡,みなかみ町,1
群馬県,佐波郡,玉村町,1
群馬県,邑楽郡,板倉町,1
群馬県,邑楽郡,明和町,1
群馬県,邑楽郡,千代田町,1
群馬県,邑楽郡,大泉町,1
群馬県,邑楽郡,邑楽町,1
埼玉県,さいたま市,西区,1
埼玉県,さいたま市,北区,1
埼玉県,さいたま市,大宮区,1
埼玉県,さいたま市,見沼区,1
埼玉県,さいたま市,中央区,1
埼玉県,さいたま市,桜区,1
埼玉県,さいたま市,浦和区,1
埼玉県,さいたま市,南区,1
埼玉県,さいたま市,緑区,1
埼玉県,さいたま市,岩槻区,1
埼玉県,川越市,,1
埼玉県,熊谷市,,1
埼玉県,川口市,,1
埼玉県,行田市,,1
埼玉県,秩父市,,1
埼玉県,所沢市,,1
埼玉県,飯能市,,1
埼玉県,加須市,,1
埼玉県,本庄市,,1
埼玉県,東松山市,,1
埼玉県,春日部市,,1
埼玉県,狭山市,,1
埼玉県,羽生市,,1
埼玉県,鴻巣市,,1
埼玉県,深谷市,,1
埼玉県,上尾市,,1
埼玉県,草加市,,1
埼玉県,越谷市,,1
埼玉県,蕨市,,1
埼玉県,戸田市,,1
埼玉県,入間市,,1
埼玉県,朝霞市,,1
埼玉県,志木市,,1
埼玉県,和光市,,1
埼玉県,新座市,,1
埼玉県,桶川市,,1
埼玉県,久喜市,,1
埼玉県,北本市,,1
埼玉県,八潮市,,1
埼玉県,富士見市,,1
埼玉県,三郷市,,1
埼玉県,蓮田市,,1
埼玉県,坂戸市,,1
埼玉県,幸手市,,1
埼玉県,鶴ヶ島市,,1
埼玉県,日高市,,1
埼玉県,吉川市,,1
埼玉県,ふじみ野市,,1
埼玉県,白岡市,,1
埼玉県,北足立郡,伊奈町,1
埼玉県,入間郡,三芳町,1
埼玉県,入間郡,毛呂山町,1
埼玉県,入間郡,越生町,1
埼玉県,比企郡,滑川町,1
埼玉県,比企郡,嵐山町,1
埼玉県,比企郡,小川町,1
埼玉県,比企郡,川島町,1
埼玉県,比企郡,吉見町,1
埼玉県,比企郡,鳩山町,1
埼玉県,比企郡,ときがわ町,1
埼玉県,秩父郡,横瀬町,1
埼玉県,秩父郡,皆野町,1
埼玉県,秩父郡,長瀞町,1
埼玉県,秩父郡,小鹿野町,1
埼玉県,秩父郡,東秩父村,1
埼玉県,児玉郡,美里町,1
埼玉県,児玉郡,神川町,1
埼玉県,児玉郡,上里町,1
埼玉県,大里郡,寄居町,1
埼玉県,南埼玉郡,宮代町,1
埼玉県,北葛飾郡,杉戸町,1
埼玉県,北葛飾郡,松伏町,1
千葉県,千葉市,中央区,1
千葉県,千葉市,花見川区,1
千葉県,千葉市,稲毛区,1
千葉県,千葉市,若葉区,1
千葉県,千葉市,緑区,1
千葉県,千葉市,美浜区,1
千葉県,銚子市,,1
千葉県,市川市,,1
千葉県,船橋市,,1
千葉県,館山市,,1
千葉県,木更津市,,1
千葉県,松戸市,,1
千葉県,野田市,,1
千葉県,茂原市,,1
千葉県,成田市,,1
千葉県,佐倉市,,1
千葉県,東金市,,1
千葉県,旭市,,1
千葉県,習志野市,,1
千葉県,柏市,,1
千葉県,勝浦市,,1
千葉県,市原市,,1
千葉県,流山市,,1
千葉県,八千代市,,1
千葉県,我孫子市,,1
千葉県,鴨川市,,1
千葉県,鎌ケ谷市,,1
千葉県,君津市,,1
千葉県,富津市,,1
千葉県,浦安市,,1
千葉県,四街道市,,1
千葉県,袖ケ浦市,,1
千葉県,八街市,,1
千葉県,印西市,,1
千葉県,白井市,,1
千葉県,富里市,,1
千葉県,南房総市,,1
千葉県,匝瑳市,,1
千葉県,香取市,,1
千葉県,山武市,,1
千葉県,いすみ市,,1
千葉県,大網白里市,,1
千葉県,印旛郡,酒々井町,1
千葉県,印旛郡,栄町,1
千葉県,香取郡,神崎町,1
千葉県,香取郡,多古町,1
千葉県,香取郡,東庄町,1
千葉県,山武郡,九十九里町,1
千葉県,山武郡,芝山町,1
千葉県,山武郡,横芝光町,1
千葉県,長生郡,一宮町,1
千葉県,長生郡,睦沢町,1
千葉県,長生郡,長生村,1
千葉県,長生郡,白子町,1
千葉県,長生郡,長柄町,1
千葉県,長生郡,長南町,1
千葉県,夷隅郡,大多喜町,1
千葉県,夷隅郡,御宿町,1
千葉県,安房郡,鋸南町,1
東京都,千代田区,,1
東京都,中央区,,1
東京都,港区,,1
東京都,新宿区,,1
東京都,文京区,,1
東京都,台東区,,1
東京都,墨田区,,1
東京都,江東区,,1
東京都,品川区,,1
東京都,目黒区,,1
東京都,大田区,,1
東京都,世田谷区,,1
東京都,渋谷区,,1
東京都,中野区,,1
東京都,杉並区,,1
東京都,豊島区,,1
東京都,北区,,1
東京都,荒川区,,1
東京都,板橋区,,1
東京都,練馬区,,1
東京都,足立区,,1
東京都,葛飾区,,1
東京都,江戸川区,,1
東京都,八王子市,,1
東京都,立川市,,1
東京都,武蔵野市,,1
東京都,三鷹市,,1
東京都,青梅市,,1
東京都,府中市,,1
東京都,昭島市,,1
東京都,調布市,,1
東京都,町田市,,1
東京都,小金井市,,1
東京都,小平市,,1
東京都,日野市,,1
東京都,東村山市,,1
東京都,国分寺市,,1
東京都,国立市,,1
東京都,福生市,,1
東京都,狛江市,,1
東京都,東大和市,,1
東京都,清瀬市,,1
東京都,東久留米市,,1
東京都,武蔵村山市,,1
東京都,多摩市,,1
東京都,稲城市,,1
東京都,羽村市,,1
東京都,あきる野市,,1
東京都,西東京市,,1
東京都,西多摩郡,瑞穂町,1
東京都,西多摩郡,日の出町,1
東京都,西多摩郡,檜原村,1
東京都,西多摩郡,奥多摩町,1
東京都,,大島町,3
東京都,,利島村,3
東京都,,新島村,3
東京都,,神津島村,3
東京都,,三宅村,3
東京都,,御蔵島村,3
東京都,,八丈町,3
東京都,,青ヶ島村,3
東京都,,小笠原村,3
神奈川県,横浜市,鶴見区,1
神奈川県,横浜市,神奈川区,1
神奈川県,横浜市,西区,1
神奈川県,横浜市,中区,1
神奈川県,横浜市,南区,1
神奈川県,横浜市,保土ケ谷区,1
神奈川県,横浜市,磯子区,1
神奈川県,横浜市,金沢区,1
神奈川県,横浜市,港北区,1
神奈川県,横浜市,戸塚区,1
神奈川県,横浜市,港南区,1
神奈川県,横浜市,旭区,1
神奈川県,横浜市,緑区,1
神奈川県,横浜市,瀬谷区,1
神奈川県,横浜市,栄区,1
神奈川県,横浜市,泉区,1
神奈川県,横浜市,青葉区,1
神奈川県,横浜市,都筑区,1
神奈川県,川崎市,川崎区,1
神奈川県,川崎市,幸区,1
神奈川県,川崎市,中原区,1
神奈川県,川崎市,高津区,1
神奈川県,川崎市,多摩区,1
神奈川県,川崎市,宮前区,1
神奈川県,川崎市,麻生区,1
神奈川県,相模原市,緑区,1
神奈川県,相模原市,中央区,1
神奈川県,相模原市,南区,1
神奈川県,横須賀市,,1
神奈川県,平塚市,,1
神奈川県,鎌倉市,,1
神奈川県,藤沢市,,1
神奈川県,小田原市,,1
神奈川県,茅ヶ崎市,,1
神奈川県,逗子市,,1
神奈川県,三浦市,,1
神奈川県,秦野市,,1
神奈川県,厚木市,,1
神奈川県,大和市,,1
神奈川県,伊勢原市,,1
神奈川県,海老名市,,1
神奈川県,座間市,,1
神奈川県,南足柄市,,1
神奈川県,綾瀬市,,1
神奈川県,三浦郡,葉山町,1
神奈川県,高座郡,寒川町,1
神奈川県,中郡,大磯町,1
神奈川県,中郡,二宮町,1
神奈川県,足柄上郡,中井町,1
神奈川県,足柄上郡,大井町,1
神奈川県,足柄上郡,松田町,1
神奈川県,足柄上郡,山北町,1
神奈川県,足柄上郡,開成町,1
神奈川県,足柄下郡,箱根町,1
神奈川県,足柄下郡,真鶴町,1
神奈川県,足柄下郡,湯河原町,1
神奈川県,愛甲郡,愛川町,1
神奈川県,愛甲郡,清川村,1
新潟県,新潟市,北区,1
新潟県,新潟市,東区,1
新潟県,新潟市,中央区,1
新潟県,新潟市,江南区,1
新潟県,新潟市,秋葉区,1
新潟県,新潟市,南区,1
新潟県,新潟市,西区,1
新潟県,新潟市,西蒲区,1
新潟県,長岡市,,1
新潟県,三条市,,1
新潟県,柏崎市,,1
新潟県,新発田市,,1
新潟県,小千谷市,,1
新潟県,加茂市,,1
新潟県,十日町市,,1
新潟県,見附市,,1
新潟県,村上市,,1
新潟県,燕市,,1
新潟県,糸魚川市,,1
新潟県,妙高市,,1
新潟県,五泉市,,1
新潟県,上越市,,1
新潟県,阿賀野市,,1
新潟県,佐渡市,,3
新潟県,魚沼市,,1
新潟県,南魚沼市,,1
新潟県,胎内市,,1
新潟県,北蒲原郡,聖籠町,1
新潟県,西蒲原郡,弥彦村,1
新潟県,南蒲原郡,田上町,1
新潟県,東蒲原郡,阿賀町,1
新潟県,三島郡,出雲崎町,1
新潟県,南魚沼郡,湯沢町,1
新潟県,中魚沼郡,津南町,1
新潟県,刈羽郡,刈羽村,1
新潟県,岩船郡,関川村,1
新潟県,岩船郡,粟島浦村,1
富山県,富山市,,1
富山県,高岡市,,1
富山県,魚津市,,1
富山県,氷見市,,1
富山県,滑川市,,1
富山県,黒部市,,1
富山県,砺波市,,1
富山県,小矢部市,,1
富山県,南砺市,,1
富山県,射水市,,1
富山県,中新川郡,舟橋村,1
富山県,中新川郡,上市町,1
富山県,中新川郡,立山町,1
富山県,下新川郡,入善町,1
富山県,下新川郡,朝日町,1
石川県,金沢市,,1
石川県,七尾市,,1
石川県,小松市,,1
石川県,輪島市,,1
石川県,珠洲市,,1
石川県,加賀市,,1
石川県,羽咋市,,1
石川県,かほく市,,1
石川県,白山市,,1
石川県,能美市,,1
石川県,野々市市,,1
石川県,能美郡,川北町,1
石川県,河北郡,津幡町,1
石川県,河北郡,内灘町,1
石川県,羽咋郡,志賀町,1
石川県,羽咋郡,宝達志水町,1
石川県,鹿島郡,中能登町,3
石川県,鳳珠郡,穴水町,1
石川県,鳳珠郡,能登町,3
福井県,福井市,,1
福井県,敦賀市,,1
福井県,小浜市,,1
福井県,大野市,,1
福井県,勝山市,,1
福井県,鯖江市,,1
福井県,あわら市,,1
福井県,越前市,,1
福井県,坂井市,,1
福井県,吉田郡,永平寺町,1
福井県,今立郡,池田町,1
福井県,南条郡,南越前町,1
福井県,丹生郡,越前町,1
福井県,三方郡,美浜町,1
福井県,大飯郡,高浜町,1
福井県,大飯郡,おおい町,1
福井県,三方上中郡,若狭町,1
山梨県,甲府市,,1
山梨県,富士吉田市,,1
山梨県,都留市,,1
山梨県,山梨市,,1
山梨県,大月市,,1
山梨県,韮崎市,,1
山梨県,南アルプス市,,1
山梨県,北杜市,,1
山梨県,甲斐市,,1
山梨県,笛吹市,,1
山梨県,上野原市,,1
山梨県,甲州市,,1
山梨県,中央市,,1
山梨県,西八代郡,市川三郷町,1
山梨県,南巨摩郡,早川町,1
山梨県,南巨摩郡,身延町,1
山梨県,南巨摩郡,南部町,1
山梨県,南巨摩郡,富士川町,1
山梨県,中巨摩郡,昭和町,1
山梨県,南都留郡,道志村,1
山梨県,南都留郡,西桂町,1
山梨県,南都留郡,忍野村,1
山梨県,南都留郡,山中湖村,1
山梨県,南都留郡,鳴沢村,1
山梨県,南都留郡,富士河口湖町,1
山梨県,北都留郡,小菅村,1
山梨県,北都留郡,丹波山村,1
長野県,長野市,,1
長野県,松本市,,1
長野県,上田市,,1
長野県,岡谷市,,1
長野県,飯田市,,1
長野県,諏訪市,,1
長野県,須坂市,,1
長野県,小諸市,,1
長野県,伊那市,,1
長野県,駒ヶ根市,,1
長野県,中野市,,1
長野県,大町市,,1
長野県,飯山市,,1
長野県,茅野市,,1
長野県,塩尻市,,1
長野県,佐久市,,1
長野県,千曲市,,1
長野県,東御市,,1
長野県,安曇野市,,1
長野県,南佐久郡,小海町,1
長野県,南佐久郡,川上村,1
長野県,南佐久郡,南牧村,1
長野県,南佐久郡,南相木村,1
長野県,南佐久郡,北相木村,1
長野県,南佐久郡,佐久穂町,1
長野県,北佐久郡,軽井沢町,1
長野県,北佐久郡,御代田町,1
長野県,北佐久郡,立科町,1
長野県,小県郡,青木村,1
長野県,小県郡,長和町,1
長野県,諏訪郡,下諏訪町,1
長野県,諏訪郡,富士見町,1
長野県,諏訪郡,原村,1
長野県,上伊那郡,辰野町,1
長野県,上伊那郡,箕輪町,1
長野県,上伊那郡,飯島町,1
長野県,上伊那郡,南箕輪村,1
長野県,上伊那郡,中川村,1
長野県,上伊那郡,宮田村,1
長野県,下伊那郡,松川町,1
長野県,下伊那郡,高森町,1
長野県,下伊那郡,阿南町,1
長野県,下伊那郡,阿智村,1
長野県,下伊那郡,平谷村,1
長野県,下伊那郡,根羽村,1
長野県,下伊那郡,下條村,1
長野県,下伊那郡,売木村,1
長野県,下伊那郡,天龍村,1
長野県,下伊那郡,泰阜村,1
長野県,下伊那郡,喬木村,1
長野県,下伊那郡,豊丘村,1
長野県,下伊那郡,大鹿村,1
長野県,木曽郡,上松町,1
長野県,木曽郡,南木曽町,1
長野県,木曽郡,木祖村,1
長野県,木曽郡,王滝村,1
長野県,木曽郡,大桑村,1
長野県,木曽郡,木曽町,1
長野県,東筑摩郡,麻績村,1
長野県,東筑摩郡,生坂村,1
長野県,東筑摩郡,山形村,1
長野県,東筑摩郡,朝日村,1
長野県,東筑摩郡,筑北村,1
長野県,北安曇郡,池田町,1
長野県,北安曇郡,松川村,1
長野県,北安曇郡,白馬村,1
長野県,北安曇郡,小谷村,1
長野県,埴科郡,坂城町,1
長野県,上高井郡,小布施町,1
長野県,上高井郡,高山村,1
長野県,下高井郡,山ノ内町,1
長野県,下高井郡,木島平村,1
長野県,下高井郡,野沢温泉村,1
長野県,上水内郡,信濃町,1
長野県,上水内郡,小川村,1
長野県,上水内郡,飯綱町,1
長野県,下水内郡,栄村,1
岐阜県,岐阜市,,1
岐阜県,大垣市,,1
岐阜県,高山市,,1
岐阜県,多治見市,,1
岐阜県,関市,,1
岐阜県,中津川市,,1
岐阜県,美濃市,,1
岐阜県,瑞浪市,,1
岐阜県,羽島市,,1
岐阜県,恵那市,,1
岐阜県,美濃加茂市,,1
岐阜県,土岐市,,1
岐阜県,各務原市,,1
岐阜県,可児市,,1
岐阜県,山県市,,1
岐阜県,瑞穂市,,1
岐阜県,飛騨市,,1
岐阜県,本巣市,,1
岐阜県,郡上市,,1
岐阜県,下呂市,,1
岐阜県,海津市,,1
岐阜県,羽島郡,岐南町,1
岐阜県,羽島郡,笠松町,1
岐阜県,養老郡,養老町,1
岐阜県,不破郡,垂井町,1
岐阜県,不破郡,関ケ原町,1
岐阜県,安八郡,神戸町,1
岐阜県,安八郡,輪之内町,1
岐阜県,安八郡,安八町,1
岐阜県,揖斐郡,揖斐川町,1
岐阜県,揖斐郡,大野町,1
岐阜県,揖斐郡,池田町,1
岐阜県,本巣郡,北方町,1
岐阜県,加茂郡,坂祝町,1
岐阜県,加茂郡,富加町,1
岐阜県,加茂郡,川辺町,1
岐阜県,加茂郡,七宗町,1
岐阜県,加茂郡,八百津町,1
岐阜県,加茂郡,白川町,1
岐阜県,加茂郡,東白川村,1
岐阜県,可児郡,御嵩町,1
岐阜県,大野郡,白川村,1
静岡県,静岡市,葵区,1
静岡県,静岡市,駿河区,1
静岡県,静岡市,清水区,1
静岡県,浜松市,中区,1
静岡県,浜松市,東区,1
静岡県,浜松市,西区,1
静岡県,浜松市,南区,1
静岡県,浜松市,北区,1
静岡県,浜松市,浜北区,1
静岡県,浜松市,天竜区,1
静岡県,沼津市,,1
静岡県,熱海市,,1
静岡県,三島市,,1
静岡県,富士宮市,,1
静岡県,伊東市,,1
静岡県,島田市,,1
静岡県,富士市,,1
静岡県,磐田市,,1
静岡県,焼津市,,1
静岡県,掛川市,,1
静岡県,藤枝市,,1
静岡県,御殿場市,,1
静岡県,袋井市,,1
静岡県,下田市,,1
静岡県,裾野市,,1
静岡県,湖西市,,1
静岡県,伊豆市,,1
静岡県,御前崎市,,1
静岡県,菊川市,,1
静岡県,伊豆の国市,,1
静岡県,牧之原市,,1
静岡県,賀茂郡,東伊豆町,1
静岡県,賀茂郡,河津町,1
静岡県,賀茂郡,南伊豆町,1
静岡県,賀茂郡,松崎町,1
静岡県,賀茂郡,西伊豆町,1
静岡県,田方郡,函南町,1
静岡県,駿東郡,清水町,1
静岡県,駿東郡,長泉町,1
静岡県,駿東郡,小山町,1
静岡県,榛原郡,吉田町,1
静岡県,榛原郡,川根本町,1
静岡県,周智郡,森町,1
愛知県,名古屋市,千種区,1
愛知県,名古屋市,東区,1
愛知県,名古屋市,北区,1
愛知県,名古屋市,西区,1
愛知県,名古屋市,中村区,1
愛知県,名古屋市,中区,1
愛知県,名古屋市,昭和区,1
愛知県,名古屋市,瑞穂区,1
愛知県,名古屋市,熱田区,1
愛知県,名古屋市,中川区,1
愛知県,名古屋市,港区,1
愛知県,名古屋市,南区,1
愛知県,名古屋市,守山区,1
愛知県,名古屋市,緑区,1
愛知県,名古屋市,名東区,1
愛知県,名古屋市,天白区,1
愛知県,豊橋市,,1
愛知県,岡崎市,,1
愛知県,一宮市,,1
愛知県,瀬戸市,,1
愛知県,半田市,,1
愛知県,春日井市,,1
愛知県,豊川市,,1
愛知県,津島市,,1
愛知県,碧南市,,1
愛知県,刈谷市,,1
愛知県,豊田市,,1
愛知県,安城市,,1
愛知県,西尾市,,1
愛知県,蒲郡市,,1
愛知県,犬山市,,1
愛知県,常滑市,,1
愛知県,江南市,,1
愛知県,小牧市,,1
愛知県,稲沢市,,1
愛知県,新城市,,1
愛知県,東海市,,1
愛知県,大府市,,1
愛知県,知多市,,1
愛知県,知立市,,1
愛知県,尾張旭市,,1
愛知県,高浜市,,1
愛知県,岩倉市,,1
愛知県,豊明市,,1
愛知県,日進市,,1
愛知県,田原市,,1
愛知県,愛西市,,1
愛知県,清須市,,1
愛知県,北名古屋市,,1
愛知県,弥富市,,1
愛知県,みよし市,,1
愛知県,あま市,,1
愛知県,長久手市,,1
愛知県,愛知郡,東郷町,1
愛知県,西春日井郡,豊山町,1
愛知県,丹羽郡,大口町,1
愛知県,丹羽郡,扶桑町,1
愛知県,海部郡,大治町,1
愛知県,海部郡,蟹江町,1
愛知県,海部郡,飛島村,1
愛知県,知多郡,阿久比町,1
愛知県,知多郡,東浦町,1
愛知県,知多郡,南知多町,1
愛知県,知多郡,美浜町,1
愛知県,知多郡,武豊町,1
愛知県,額田郡,幸田町,1
愛知県,北設楽郡,設楽町,1
愛知県,北設楽郡,東栄町,1
愛知県,北設楽郡,豊根村,1
三重県,津市,,1
三重県,四日市市,,1
三重県,伊勢市,,1
三重県,松阪市,,1
三重県,桑名市,,1
三重県,鈴鹿市,,1
三重県,名張市,,1
三重県,尾鷲市,,1
三重県,亀山市,,1
三重県,鳥羽市,,1
三重県,熊野市,,1
三重県,いなべ市,,1
三重県,志摩市,,1
三重県,伊賀市,,1
三重県,桑名郡,木曽岬町,1
三重県,員弁郡,東員町,1
三重県,三重郡,菰野町,1
三重県,三重郡,朝日町,1
三重県,三重郡,川越町,1
三重県,多気郡,多気町,1
三重県,多気郡,明和町,1
三重県,多気郡,大台町,1
三重県,度会郡,玉城町,1
三重県,度会郡,度会町,1
三重県,度会郡,大紀町,1
三重県,度会郡,南伊勢町,1
三重県,北牟婁郡,紀北町,1
三重県,南牟婁郡,御浜町,1
三重県,南牟婁郡,紀宝町,1
滋賀県,大津市,,1
滋賀県,彦根市,,1
滋賀県,長浜市,,1
滋賀県,近江八幡市,,1
滋賀県,草津市,,1
滋賀県,守山市,,1
滋賀県,栗東市,,1
滋賀県,甲賀市,,1
滋賀県,野洲市,,1
滋賀県,湖南市,,1
滋賀県,高島市,,1
滋賀県,東近江市,,1
滋賀県,米原市,,1
滋賀県,蒲生郡,日野町,1
滋賀県,蒲生郡,竜王町,1
滋賀県,愛知郡,愛荘町,1
滋賀県,犬上郡,豊郷町,1
滋賀県,犬上郡,甲良町,1
滋賀県,犬上郡,多賀町,1
京都府,京都市,北区,1
京都府,京都市,上京区,1
京都府,京都市,左京区,1
京都府,京都市,中京区,1
京都府,京都市,東山区,1
京都府,京都市,下京区,1
京都府,京都市,南区,1
京都府,京都市,右京区,1
京都府,京都市,伏見区,1
京都府,京都市,山科区,1
京都府,京都市,西京区,1
京都府,福知山市,,1
京都府,舞鶴市,,1
京都府,綾部市,,1
京都府,宇治市,,1
京都府,宮津市,,1
京都府,亀岡市,,1
京都府,城陽市,,1
京都府,向日市,,1
京都府,長岡京市,,1
京都府,八幡市,,1
京都府,京田辺市,,1
京都府,京丹後市,,1
京都府,南丹市,,1
京都府,木津川市,,1
京都府,乙訓郡,大山崎町,1
京都府,久世郡,久御山町,1
京都府,綴喜郡,井手町,1
京都府,綴喜郡,宇治田原町,1
京都府,相楽郡,笠置町,1
京都府,相楽郡,和束町,1
京都府,相楽郡,精華町,1
京都府,相楽郡,南山城村,1
京都府,船井郡,京丹波町,1
京都府,与謝郡,伊根町,1
京都府,与謝郡,与謝野町,1
大阪府,大阪市,都島区,1
大阪府,大阪市,福島区,1
大阪府,大阪市,此花区,1
大阪府,大阪市,西区,1
大阪府,大阪市,港区,1
大阪府,大阪市,大正区,1
大阪府,大阪市,天王寺区,1
大阪府,大阪市,浪速区,1
大阪府,大阪市,西淀川区,1
大阪府,大阪市,東淀川区,1
大阪府,大阪市,東成区,1
大阪府,大阪市,生野区,1
大阪府,大阪市,旭区,1
大阪府,大阪市,城東区,1
大阪府,大阪市,阿倍野区,1
大阪府,大阪市,住吉区,1
大阪府,大阪市,東住吉区,1
大阪府,大阪市,西成区,1
大阪府,大阪市,淀川区,1
大阪府,大阪市,鶴見区,1
大阪府,大阪市,住之江区,1
大阪府,大阪市,平野区,1
大阪府,大阪市,北区,1
大阪府,大阪市,中央区,1
大阪府,堺市,堺区,1
大阪府,堺市,中区,1
大阪府,堺市,東区,1
大阪府,堺市,西区,1
大阪府,堺市,南区,1
大阪府,堺市,北区,1
大阪府,堺市,美原区,1
大阪府,岸和田市,,1
大阪府,豊中市,,1
大阪府,池田市,,1
大阪府,吹田市,,1
大阪府,泉大津市,,1
大阪府,高槻市,,1
大阪府,貝塚市,,1
大阪府,守口市,,1
大阪府,枚方市,,1
大阪府,茨木市,,1
大阪府,八尾市,,1
大阪府,泉佐野市,,1
大阪府,富田林市,,1
大阪府,寝屋川市,,1
大阪府,河内長野市,,1
大阪府,松原市,,1
大阪府,大東市,,1
大阪府,和泉市,,1
大阪府,箕面市,,1
大阪府,柏原市,,1
大阪府,羽曳野市,,1
大阪府,門真市,,1
大阪府,摂津市,,1
大阪府,高石市,,1
大阪府,藤井寺市,,1
大阪府,東大阪市,,1
大阪府,泉南市,,1
大阪府,四條畷市,,1
大阪府,交野市,,1
大阪府,大阪狭山市,,1
大阪府,阪南市,,1
大阪府,三島郡,島本町,1
大阪府,豊能郡,豊能町,1
大阪府,豊能郡,能勢町,1
大阪府,泉北郡,忠岡町,1
大阪府,泉南郡,熊取町,1
大阪府,泉南郡,田尻町,1
大阪府,泉南郡,岬町,1
大阪府,南河内郡,太子町,1
大阪府,南河内郡,河南町,1
大阪府,南河内郡,千早赤阪村,1
兵庫県,神戸市,東灘区,1
兵庫県,神戸市,灘区,1
兵庫県,神戸市,兵庫区,1
兵庫県,神戸市,長田区,1
兵庫県,神戸市,須磨区,1
兵庫県,神戸市,垂水区,1
兵庫県,神戸市,北区,1
兵庫県,神戸市,中央区,1
兵庫県,神戸市,西区,1
兵庫県,姫路市,,1
兵庫県,尼崎市,,1
兵庫県,明石市,,1
兵庫県,西宮市,,1
兵庫県,洲本市,,1
兵庫県,芦屋市,,1
兵庫県,伊丹市,,1
兵庫県,相生市,,1
兵庫県,豊岡市,,1
兵庫県,加古川市,,1
兵庫県,赤穂市,,1
兵庫県,西脇市,,1
兵庫県,宝塚市,,1
兵庫県,三木市,,1
兵庫県,高砂市,,1
兵庫県,川西市,,1
兵庫県,小野市,,1
兵庫県,三田市,,1
兵庫県,加西市,,1
兵庫県,篠山市,,1
兵庫県,養父市,,1
兵庫県,丹波市,,1
兵庫県,南あわじ市,,1
兵庫県,朝来市,,1
兵庫県,淡路市,,1
兵庫県,宍粟市,,1
兵庫県,加東市,,1
兵庫県,たつの市,,1
兵庫県,川辺郡,猪名川町,1
兵庫県,多可郡,多可町,1
兵庫県,加古郡,稲美町,1
兵庫県,加古郡,播磨町,1
兵庫県,神崎郡,市川町,1
兵庫県,神崎郡,福崎町,1
兵庫県,神崎郡,神河町,1
兵庫県,揖保郡,太子町,1
兵庫県,赤穂郡,上郡町,1
兵庫県,佐用郡,佐用町,1
兵庫県,美方郡,香美町,1
兵庫県,美方郡,新温泉町,1
奈良県,奈良市,,1
奈良県,大和高田市,,1
奈良県,大和郡山市,,1
奈良県,天理市,,1
奈良県,橿原市,,1
奈良県,桜井市,,1
奈良県,五條市,,1
奈良県,御所市,,1
奈良県,生駒市,,1
奈良県,香芝市,,1
奈良県,葛城市,,1
奈良県,宇陀市,,1
奈良県,山辺郡,山添村,1
奈良県,生駒郡,平群町,1
奈良県,生駒郡,三郷町,1
奈良県,生駒郡,斑鳩町,1
奈良県,生駒郡,安堵町,1
奈良県,磯城郡,川西町,1
奈良県,磯城郡,三宅町,1
奈良県,磯城郡,田原本町,1
奈良県,宇陀郡,曽爾村,1
奈良県,宇陀郡,御杖村,1
奈良県,高市郡,高取町,1
奈良県,高市郡,明日香村,1
奈良県,北葛城郡,上牧町,1
奈良県,北葛城郡,王寺町,1
奈良県,北葛城郡,広陵町,1
奈良県,北葛城郡,河合町,1
奈良県,吉野郡,吉野町,1
奈良県,吉野郡,大淀町,1
奈良県,吉野郡,下市町,1
奈良県,吉野郡,黒滝村,1
奈良県,吉野郡,天川村,1
奈良県,吉野郡,野迫川村,1
奈良県,吉野郡,十津川村,1
奈良県,吉野郡,下北山村,1
奈良県,吉野郡,上北山村,1
奈良県,吉野郡,川上村,1
奈良県,吉野郡,東吉野村,1
和歌山県,和歌山市,,1
和歌山県,海南市,,1
和歌山県,橋本市,,1
和歌山県,有田市,,1
和歌山県,御坊市,,1
和歌山県,田辺市,,1
和歌山県,新宮市,,1
和歌山県,紀の川市,,1
和歌山県,岩出市,,1
和歌山県,海草郡,紀美野町,1
和歌山県,伊都郡,かつらぎ町,1
和歌山県,伊都郡,九度山町,1
和歌山県,伊都郡,高野町,1
和歌山県,有田郡,湯浅町,1
和歌山県,有田郡,広川町,1
和歌山県,有田郡,有田川町,1
和歌山県,日高郡,美浜町,1
和歌山県,日高郡,日高町,1
和歌山県,日高郡,由良町,1
和歌山県,日高郡,印南町,1
和歌山県,日高郡,みなべ町,1
和歌山県,日高郡,日高川町,1
和歌山県,西牟婁郡,白浜町,1
和歌山県,西牟婁郡,上富田町,1
和歌山県,西牟婁郡,すさみ町,1
和歌山県,東牟婁郡,那智勝浦町,1
和歌山県,東牟婁郡,太地町,1
和歌山県,東牟婁郡,古座川町,1
和歌山県,東牟婁郡,北山村,1
和歌山県,東牟婁郡,串本町,1
鳥取県,鳥取市,,2
鳥取県,米子市,,2
鳥取県,倉吉市,,2
鳥取県,境港市,,2
鳥取県,岩美郡,岩美町,2
鳥取県,八頭郡,若桜町,2
鳥取県,八頭郡,智頭町,2
鳥取県,八頭郡,八頭町,2
鳥取県,東伯郡,三朝町,2
鳥取県,東伯郡,湯梨浜町,2
鳥取県,東伯郡,琴浦町,2
鳥取県,東伯郡,北栄町,2
鳥取県,西伯郡,日吉津村,2
鳥取県,西伯郡,大山町,2
鳥取県,西伯郡,南部町,2
鳥取県,西伯郡,伯耆町,2
鳥取県,日野郡,日南町,2
鳥取県,日野郡,日野町,2
鳥取県,日野郡,江府町,2
島根県,松江市,,2
島根県,浜田市,,2
島根県,出雲市,,2
島根県,益田市,,2
島根県,大田市,,2
島根県,安来市,,2
島根県,江津市,,2
島根県,雲南市,,2
島根県,仁多郡,奥出雲町,2
島根県,飯石郡,飯南町,2
島根県,邑智郡,川本町,2
島根県,邑智郡,美郷町,2
島根県,邑智郡,邑南町,2
島根県,鹿足郡,津和野町,2
島根県,鹿足郡,吉賀町,2
島根県,隠岐郡,海士町,2
島根県,隠岐郡,西ノ島町,2
島根県,隠岐郡,知夫村,2
島根県,隠岐郡,隠岐の島町,2
岡山県,岡山市,北区,2
岡山県,岡山市,中区,2
岡山県,岡山市,東区,2
岡山県,岡山市,南区,2
岡山県,倉敷市,,2
岡山県,津山市,,2
岡山県,玉野市,,2
岡山県,笠岡市,,2
岡山県,井原市,,2
岡山県,総社市,,2
岡山県,高梁市,,2
岡山県,新見市,,2
岡山県,備前市,,2
岡山県,瀬戸内市,,2
岡山県,赤磐市,,2
岡山県,真庭市,,2
岡山県,美作市,,2
岡山県,浅口市,,2
岡山県,和気郡,和気町,2
岡山県,都窪郡,早島町,2
岡山県,浅口郡,里庄町,2
岡山県,小田郡,矢掛町,2
岡山県,真庭郡,新庄村,2
岡山県,苫田郡,鏡野町,2
岡山県,勝田郡,勝央町,2
岡山県,勝田郡,奈義町,2
岡山県,英田郡,西粟倉村,2
岡山県,久米郡,久米南町,2
岡山県,久米郡,美咲町,2
岡山県,加賀郡,吉備中央町,2
広島県,広島市,中区,2
広島県,広島市,東区,2
広島県,広島市,南区,2
広島県,広島市,西区,2
広島県,広島市,安佐南区,2
広島県,広島市,安佐北区,2
広島県,広島市,安芸区,2
広島県,広島市,佐伯区,2
広島県,呉市,,2
広島県,竹原市,,2
広島県,三原市,,2
広島県,尾道市,,2
広島県,福山市,,2
広島県,府中市,,2
広島県,三次市,,2
広島県,庄原市,,2
広島県,大竹市,,2
広島県,東広島市,,2
広島県,廿日市市,,2
広島県,安芸高田市,,2
広島県,江田島市,,2
広島県,安芸郡,府中町,2
広島県,安芸郡,海田町,2
広島県,安芸郡,熊野町,2
広島県,安芸郡,坂町,2
広島県,山県郡,安芸太田町,2
広島県,山県郡,北広島町,2
広島県,豊田郡,大崎上島町,2
広島県,世羅郡,世羅町,2
広島県,神石郡,神石高原町,2
山口県,下関市,,2
山口県,宇部市,,2
山口県,山口市,,2
山口県,萩市,,2
山口県,防府市,,2
山口県,下松市,,2
山口県,岩国市,,2
山口県,光市,,2
山口県,長門市,,2
山口県,柳井市,,2
山口県,美祢市,,2
山口県,周南市,,2
山口県,山陽小野田市,,2
山口県,大島郡,周防大島町,2
山口県,玖珂郡,和木町,2
山口県,熊毛郡,上関町,2
山口県,熊毛郡,田布施町,2
山口県,熊毛郡,平生町,2
山口県,阿武郡,阿武町,2
徳島県,徳島市,,2
徳島県,鳴門市,,2
徳島県,小松島市,,2
徳島県,阿南市,,2
徳島県,吉野川市,,2
徳島県,阿波市,,2
徳島県,美馬市,,2
徳島県,三好市,,2
徳島県,勝浦郡,勝浦町,2
徳島県,勝浦郡,上勝町,2
徳島県,名東郡,佐那河内村,2
徳島県,名西郡,石井町,2
徳島県,名西郡,神山町,2
徳島県,那賀郡,那賀町,2
徳島県,海部郡,牟岐町,2
徳島県,海部郡,美波町,2
徳島県,海部郡,海陽町,2
徳島県,板野郡,松茂町,2
徳島県,板野郡,北島町,2
徳島県,板野郡,藍住町,2
徳島県,板野郡,板野町,2
徳島県,板野郡,上板町,2
徳島県,美馬郡,つるぎ町,2
徳島県,三好郡,東みよし町,2
香川県,高松市,,2
香川県,丸亀市,,2
香川県,坂出市,,2
香川県,善通寺市,,2
香川県,観音寺市,,2
香川県,さぬき市,,2
香川県,東かがわ市,,2
香川県,三豊市,,2
香川県,小豆郡,土庄町,2
香川県,小豆郡,小豆島町,2
香川県,木田郡,三木町,2
香川県,香川郡,直島町,2
香川県,綾歌郡,宇多津町,2
香川県,綾歌郡,綾川町,2
香川県,仲多度郡,琴平町,2
香川県,仲多度郡,多度津町,2
香川県,仲多度郡,まんのう町,2
愛媛県,松山市,,2
愛媛県,今治市,,2
愛媛県,宇和島市,,2
愛媛県,八幡浜市,,2
愛媛県,新居浜市,,2
愛媛県,西条市,,2
愛媛県,大洲市,,2
愛媛県,伊予市,,2
愛媛県,四国中央市,,2
愛媛県,西予市,,2
愛媛県,東温市,,2
愛媛県,越智郡,上島町,2
愛媛県,上浮穴郡,久万高原町,2
愛媛県,伊予郡,松前町,2
愛媛県,伊予郡,砥部町,2
愛媛県,喜多郡,内子町,2
愛媛県,西宇和郡,伊方町,2
愛媛県,北宇和郡,松野町,2
愛媛県,北宇和郡,鬼北町,2
愛媛県,南宇和郡,愛南町,2
高知県,高知市,,2
高知県,室戸市,,2
高知県,安芸市,,2
高知県,南国市,,2
高知県,土佐市,,2
高知県,須崎市,,2
高知県,宿毛市,,2
高知県,土佐清水市,,2
高知県,四万十市,,3
高知県,香南市,,2
高知県,香美市,,2
高知県,安芸郡,東洋町,2
高知県,安芸郡,奈半利町,2
高知県,安芸郡,田野町,2
高知県,安芸郡,安田町,2
高知県,安芸郡,北川村,2
高知県,安芸郡,馬路村,2
高知県,安芸郡,芸西村,2
高知県,長岡郡,本山町,2
高知県,長岡郡,大豊町,2
高知県,土佐郡,土佐町,2
高知県,土佐郡,大川村,2
高知県,吾川郡,いの町,2
高知県,吾川郡,仁淀川町,2
高知県,高岡郡,中土佐町,2
高知県,高岡郡,佐川町,2
高知県,高岡郡,越知町,2
高知県,高岡郡,檮原町,2
高知県,高岡郡,日高村,2
高知県,高岡郡,津野町,2
高知県,高岡郡,四万十町,2
高知県,幡多郡,大月町,2
高知県,幡多郡,三原村,2
高知県,幡多郡,黒潮町,2
福岡県,北九州市,,2
福岡県,北九州市,門司区,2
福岡県,北九州市,若松区,2
福岡県,北九州市,戸畑区,2
福岡県,北九州市,小倉北区,2
福岡県,北九州市,小倉南区,2
福岡県,北九州市,八幡東区,2
福岡県,北九州市,八幡西区,2
福岡県,福岡市,,2
福岡県,福岡市,東区,2
福岡県,福岡市,博多区,2
福岡県,福岡市,中央区,2
福岡県,福岡市,南区,2
福岡県,福岡市,西区,2
福岡県,福岡市,城南区,2
福岡県,福岡市,早良区,2
福岡県,大牟田市,,2
福岡県,久留米市,,2
福岡県,直方市,,2
福岡県,飯塚市,,2
福岡県,田川市,,2
福岡県,柳川市,,2
福岡県,八女市,,2
福岡県,筑後市,,2
福岡県,大川市,,2
福岡県,行橋市,,2
福岡県,豊前市,,2
福岡県,中間市,,2
福岡県,小郡市,,2
福岡県,筑紫野市,,2
福岡県,春日市,,2
福岡県,大野城市,,2
福岡県,宗像市,,2
福岡県,太宰府市,,2
福岡県,古賀市,,2
福岡県,福津市,,2
福岡県,うきは市,,2
福岡県,宮若市,,2
福岡県,嘉麻市,,2
福岡県,朝倉市,,2
福岡県,みやま市,,2
福岡県,糸島市,,2
福岡県,那珂川市,,2
福岡県,糟屋郡,宇美町,2
福岡県,糟屋郡,篠栗町,2
福岡県,糟屋郡,志免町,2
福岡県,糟屋郡,須恵町,2
福岡県,糟屋郡,新宮町,2
福岡県,糟屋郡,久山町,2
福岡県,糟屋郡,粕屋町,2
福岡県,遠賀郡,芦屋町,2
福岡県,遠賀郡,水巻町,2
福岡県,遠賀郡,岡垣町,2
福岡県,遠賀郡,遠賀町,2
福岡県,鞍手郡,小竹町,2
福岡県,鞍手郡,鞍手町,2
福岡県,嘉穂郡,桂川町,2
福岡県,朝倉郡,筑前町,2
福岡県,朝倉郡,東峰村,2
福岡県,三井郡,大刀洗町,2
福岡県,三潴郡,大木町,2
福岡県,八女郡,広川町,2
福岡県,田川郡,香春町,2
福岡県,田川郡,添田町,2
福岡県,田川郡,糸田町,2
福岡県,田川郡,川崎町,2
福岡県,田川郡,大任町,2
福岡県,田川郡,赤村,2
福岡県,田川郡,福智町,2
福岡県,京都郡,苅田町,2
福岡県,京都郡,みやこ町,2
福岡県,築上郡,吉富町,2
福岡県,築上郡,上毛町,2
福岡県,築上郡,築上町,2
佐賀県,佐賀市,,2
佐賀県,唐津市,,2
佐賀県,鳥栖市,,2
佐賀県,多久市,,2
佐賀県,伊万里市,,2
佐賀県,武雄市,,2
佐賀県,鹿島市,,2
佐賀県,小城市,,2
佐賀県,嬉野市,,2
佐賀県,神埼市,,2
佐賀県,神埼郡,吉野ヶ里町,2
佐賀県,三養基郡,基山町,2
佐賀県,三養基郡,上峰町,2
佐賀県,三養基郡,みやき町,2
佐賀県,東松浦郡,玄海町,2
佐賀県,西松浦郡,有田町,2
佐賀県,杵島郡,大町町,2
佐賀県,杵島郡,江北町,2
佐賀県,杵島郡,白石町,2
佐賀県,藤津郡,太良町,2
長崎県,長崎市,,2
長崎県,佐世保市,,2
長崎県,島原市,,2
長崎県,諫早市,,2
長崎県,大村市,,2
長崎県,平戸市,,2
長崎県,松浦市,,2
長崎県,対馬市,,2
長崎県,壱岐市,,2
長崎県,五島市,,2
長崎県,西海市,,2
長崎県,雲仙市,,2
長崎県,南島原市,,2
長崎県,西彼杵郡,長与町,2
長崎県,西彼杵郡,時津町,2
長崎県,東彼杵郡,東彼杵町,2
長崎県,東彼杵郡,川棚町,2
長崎県,東彼杵郡,波佐見町,2
長崎県,北松浦郡,小値賀町,2
長崎県,北松浦郡,佐々町,2
長崎県,南松浦郡,新上五島町,2
熊本県,熊本市,中央区,2
熊本県,熊本市,東区,2
熊本県,熊本市,西区,2
熊本県,熊本市,南区,2
熊本県,熊本市,北区,2
熊本県,八代市,,2
熊本県,人吉市,,2
熊本県,荒尾市,,2
熊本県,水俣市,,2
熊本県,玉名市,,2
熊本県,山鹿市,,2
熊本県,菊池市,,2
熊本県,宇土市,,2
熊本県,上天草市,,2
熊本県,宇城市,,2
熊本県,阿蘇市,,2
熊本県,天草市,,2
熊本県,合志市,,2
熊本県,下益城郡,美里町,2
熊本県,玉名郡,玉東町,2
熊本県,玉名郡,南関町,2
熊本県,玉名郡,長洲町,2
熊本県,玉名郡,和水町,2
熊本県,菊池郡,大津町,2
熊本県,菊池郡,菊陽町,2
熊本県,阿蘇郡,南小国町,2
熊本県,阿蘇郡,小国町,2
熊本県,阿蘇郡,産山村,2
熊本県,阿蘇郡,高森町,2
熊本県,阿蘇郡,西原村,2
熊本県,阿蘇郡,南阿蘇村,2
熊本県,上益城郡,御船町,2
熊本県,上益城郡,嘉島町,2
熊本県,上益城郡,益城町,2
熊本県,上益城郡,甲佐町,2
熊本県,上益城郡,山都町,2
熊本県,八代郡,氷川町,2
熊本県,葦北郡,芦北町,2
熊本県,葦北郡,津奈木町,2
熊本県,球磨郡,錦町,2
熊本県,球磨郡,多良木町,2
熊本県,球磨郡,湯前町,2
熊本県,球磨郡,水上村,2
熊本県,球磨郡,相良村,2
熊本県,球磨郡,五木村,2
熊本県,球磨郡,山江村,2
熊本県,球磨郡,球磨村,2
熊本県,球磨郡,あさぎり町,2
熊本県,天草郡,苓北町,2
大分県,大分市,,2
大分県,別府市,,2
大分県,中津市,,2
大分県,日田市,,2
大分県,佐伯市,,2
大分県,臼杵市,,2
大分県,津久見市,,2
大分県,竹田市,,2
大分県,豊後高田市,,2
大分県,杵築市,,2
大分県,宇佐市,,2
大分県,豊後大野市,,2
大分県,由布市,,2
大分県,国東市,,2
大分県,東国東郡,姫島村,2
大分県,速見郡,日出町,2
大分県,玖珠郡,九重町,2
大分県,玖珠郡,玖珠町,2
宮崎県,宮崎市,,2
宮崎県,都城市,,2
宮崎県,延岡市,,2
宮崎県,日南市,,2
宮崎県,小林市,,2
宮崎県,日向市,,2
宮崎県,串間市,,2
宮崎県,西都市,,2
宮崎県,えびの市,,2
宮崎県,北諸県郡,三股町,2
宮崎県,西諸県郡,高原町,2
宮崎県,東諸県郡,国富町,2
宮崎県,東諸県郡,綾町,2
宮崎県,児湯郡,高鍋町,2
宮崎県,児湯郡,新富町,2
宮崎県,児湯郡,西米良村,2
宮崎県,児湯郡,木城町,2
宮崎県,児湯郡,川南町,2
宮崎県,児湯郡,都農町,2
宮崎県,東臼杵郡,門川町,2
宮崎県,東臼杵郡,諸塚村,2
宮崎県,東臼杵郡,椎葉村,2
宮崎県,東臼杵郡,美郷町,2
宮崎県,西臼杵郡,高千穂町,2
宮崎県,西臼杵郡,日之影町,2
宮崎県,西臼杵郡,五ヶ瀬町,2
鹿児島県,鹿児島市,,2
鹿児島県,鹿屋市,,2
鹿児島県,枕崎市,,2
鹿児島県,阿久根市,,2
鹿児島県,出水市,,2
鹿児島県,指宿市,,2
鹿児島県,西之表市,,2
鹿児島県,垂水市,,2
鹿児島県,薩摩川内市,,2
鹿児島県,日置市,,2
鹿児島県,曽於市,,2
鹿児島県,霧島市,,2
鹿児島県,いちき串木野市,,2
鹿児島県,南さつま市,,2
鹿児島県,志布志市,,2
鹿児島県,奄美市,,2
鹿児島県,南九州市,,2
鹿児島県,伊佐市,,2
鹿児島県,姶良市,,2
鹿児島県,鹿児島郡,三島村,2
鹿児島県,鹿児島郡,十島村,2
鹿児島県,薩摩郡,さつま町,2
鹿児島県,出水郡,長島町,2
鹿児島県,姶良郡,湧水町,2
鹿児島県,曽於郡,大崎町,2
鹿児島県,肝属郡,東串良町,2
鹿児島県,肝属郡,錦江町,2
鹿児島県,肝属郡,南大隅町,2
鹿児島県,肝属郡,肝付町,2
鹿児島県,熊毛郡,中種子町,2
鹿児島県,熊毛郡,南種子町,2
鹿児島県,熊毛郡,屋久島町,2
鹿児島県,大島郡,大和村,2
鹿児島県,大島郡,宇検村,2
鹿児島県,大島郡,瀬戸内町,2
鹿児島県,大島郡,龍郷町,2
鹿児島県,大島郡,喜界町,2
鹿児島県,大島郡,徳之島町,2
鹿児島県,大島郡,天城町,2
鹿児島県,大島郡,伊仙町,2
鹿児島県,大島郡,和泊町,2
鹿児島県,大島郡,知名町,2
鹿児島県,大島郡,与論町,2
沖縄県,那覇市,,1
沖縄県,宜野湾市,,1
沖縄県,石垣市,,1
沖縄県,浦添市,,1
沖縄県,名護市,,1
沖縄県,糸満市,,1
沖縄県,沖縄市,,1
沖縄県,豊見城市,,1
沖縄県,うるま市,,1
沖縄県,宮古島市,,1
沖縄県,南城市,,1
沖縄県,国頭郡,国頭村,1
沖縄県,国頭郡,大宜味村,1
沖縄県,国頭郡,東村,1
沖縄県,国頭郡,今帰仁村,1
沖縄県,国頭郡,本部町,1
沖縄県,国頭郡,恩納村,1
沖縄県,国頭郡,宜野座村,1
沖縄県,国頭郡,金武町,1
沖縄県,国頭郡,伊江村,1
沖縄県,中頭郡,読谷村,1
沖縄県,中頭郡,嘉手納町,1
沖縄県,中頭郡,北谷町,1
沖縄県,中頭郡,北中城村,1
沖縄県,中頭郡,中城村,1
沖縄県,中頭郡,西原町,1
沖縄県,島尻郡,与那原町,1
沖縄県,島尻郡,南風原町,1
沖縄県,島尻郡,渡嘉敷村,1
沖縄県,島尻郡,座間味村,1
沖縄県,島尻郡,粟国村,1
沖縄県,島尻郡,渡名喜村,1
沖縄県,島尻郡,南大東村,1
沖縄県,島尻郡,北大東村,1
沖縄県,島尻郡,伊平屋村,1
沖縄県,島尻郡,伊是名村,1
沖縄県,島尻郡,久米島町,1
沖縄県,島尻郡,八重瀬町,1
沖縄県,宮古郡,多良間村,1
沖縄県,八重山郡,竹富町,1
沖縄県,八重山郡,与那国町,1
